Wavelength,Toluene,EtOH,DMF,ACN,MeOH,Hexanes,Acetone
800,0.02598533,0.023606549,0.026093788,0.025178299,0.019490163,0.029145616,0.024944759
799,0.02549442,0.023858158,0.026380042,0.024818799,0.019777975,0.028621067,0.025418882
798,0.025416302,0.023884358,0.025900941,0.024831901,0.019484504,0.028846745,0.025041933
797,0.025582739,0.023687568,0.026214701,0.024245192,0.019647275,0.028766112,0.024857886
796,0.025401673,0.023365274,0.026019299,0.024720716,0.019921695,0.028826053,0.024569893
795,0.025469221,0.022932055,0.025983901,0.024487093,0.019303202,0.028437541,0.024662874
794,0.025100265,0.02338161,0.026182999,0.024787993,0.019406512,0.028994079,0.024892041
793,0.025103446,0.023542433,0.026197241,0.024527053,0.019745493,0.028471261,0.024321951
792,0.025580598,0.023564214,0.025914322,0.025016486,0.019912698,0.028583908,0.024656243
791,0.025357873,0.023903585,0.026128618,0.024817429,0.020170283,0.02905823,0.024796462
790,0.025389103,0.023853645,0.026538787,0.025111016,0.019956711,0.029083417,0.024939276
789,0.025091982,0.023050835,0.026293899,0.02555921,0.019781822,0.02863597,0.024778538
788,0.025440235,0.02369145,0.026235379,0.02506656,0.018983712,0.029006117,0.025233714
787,0.025512703,0.024112567,0.026665384,0.02534621,0.019567412,0.028387603,0.025226444
786,0.025429009,0.023763025,0.02669726,0.025505181,0.01985785,0.029447048,0.025261753
785,0.025512538,0.023618165,0.02683891,0.025682144,0.019620138,0.029018792,0.025044648
784,0.025057427,0.023834202,0.026932047,0.025737732,0.019858121,0.029239942,0.025311854
783,0.025399148,0.024124826,0.026557334,0.025782669,0.019966875,0.028475738,0.025078818
782,0.025515393,0.022986719,0.026955899,0.02591718,0.019705781,0.028924736,0.025151665
781,0.025581559,0.024002496,0.0269402,0.025768276,0.020226987,0.028540587,0.025056742
780,0.025500926,0.023968192,0.026706206,0.025929957,0.020341205,0.028966213,0.024933409
779,0.025885142,0.024141656,0.027079891,0.025966011,0.020552361,0.028709692,0.024832888
778,0.025570274,0.023967809,0.026764817,0.02603186,0.020444816,0.028568398,0.024893165
777,0.025713645,0.024100226,0.026980441,0.026160426,0.020570219,0.028872473,0.025185623
776,0.025590839,0.023490731,0.027266399,0.026046894,0.020448507,0.028488647,0.025300577
775,0.025733502,0.024117903,0.027503342,0.025801706,0.020444789,0.029156966,0.025117599
774,0.025708234,0.023662802,0.027394477,0.026024604,0.020614164,0.028862154,0.025268968
773,0.025746769,0.023549319,0.027559385,0.026093815,0.020657895,0.028637215,0.025158906
772,0.025807255,0.023805325,0.02779635,0.026448458,0.020791507,0.028600275,0.025550397
771,0.026173706,0.024069553,0.027400046,0.025751548,0.02073443,0.028087485,0.025522586
770,0.025991074,0.023739156,0.027040522,0.026332045,0.020365268,0.02785624,0.025637052
769,0.025818354,0.023760482,0.027721956,0.026368902,0.020589843,0.028282384,0.025673877
768,0.025890225,0.02393266,0.027540657,0.026637447,0.020405393,0.027777944,0.025572745
767,0.026370415,0.023885753,0.027099894,0.026539723,0.020062128,0.027581975,0.025559566
766,0.026323409,0.024004685,0.027461094,0.026812394,0.020423761,0.0272414,0.025834397
765,0.026087493,0.023620707,0.02730419,0.026180882,0.020028405,0.026602879,0.025201123
764,0.025379169,0.023565853,0.026923509,0.025522751,0.019447307,0.025719934,0.024868302
763,0.025717682,0.023515761,0.02670538,0.026013033,0.019167343,0.025633839,0.024961319
762,0.025578621,0.023770763,0.026993498,0.026298876,0.019222996,0.025645592,0.02526809
761,0.025695024,0.023938267,0.027035205,0.026457977,0.019259688,0.025526539,0.025279834
760,0.0257229,0.02377738,0.02673412,0.026403121,0.019400692,0.025591663,0.025564234
759,0.025662371,0.024085259,0.026795928,0.026222648,0.018914515,0.025741028,0.025575326
758,0.025486267,0.023783887,0.026419379,0.026048791,0.018920518,0.02549453,0.025200739
757,0.025183045,0.023665535,0.026321181,0.025953699,0.018626086,0.025027839,0.025107259
756,0.024892123,0.023554348,0.026303194,0.026250338,0.018649918,0.025543203,0.024765439
755,0.024674902,0.023717394,0.026504392,0.026322226,0.018126632,0.025211986,0.025147962
754,0.02487584,0.023788126,0.026172881,0.026354159,0.018387994,0.025430244,0.02459778
753,0.024790131,0.023602695,0.026017458,0.025812502,0.018261518,0.025177915,0.024732115
752,0.024712468,0.023795262,0.026217066,0.026105883,0.018467802,0.024846072,0.024644051
751,0.025050352,0.023672889,0.026273548,0.026143628,0.018653836,0.024971134,0.024916795
750,0.024921154,0.023621554,0.026431346,0.026623328,0.018750721,0.024980923,0.02473365
749,0.024696438,0.023511826,0.026788825,0.026218303,0.018797401,0.024391357,0.024582138
748,0.02482165,0.023739649,0.026775224,0.026101018,0.019338574,0.024759464,0.024297887
747,0.024994852,0.023849735,0.0267222,0.026377842,0.019360253,0.024450697,0.024335968
746,0.025345798,0.023920242,0.027168009,0.026659164,0.019714205,0.025062638,0.024352176
745,0.02552028,0.023634565,0.027705511,0.026832219,0.020364589,0.025603744,0.024449629
744,0.026214784,0.023934164,0.027920499,0.027294211,0.020965363,0.026457977,0.024539488
743,0.02617915,0.024114975,0.028081493,0.027072121,0.021022796,0.027008621,0.024932888
742,0.026421387,0.023685737,0.028161473,0.02731144,0.021136816,0.027759703,0.024835108
741,0.026366124,0.023251843,0.028221358,0.027393953,0.021173506,0.027820912,0.024559347
740,0.026092523,0.023665836,0.027894469,0.027091325,0.021379737,0.028093671,0.024344236
739,0.025832611,0.023841722,0.02780532,0.026681652,0.021203812,0.028298049,0.024105398
738,0.025449485,0.023519942,0.027209429,0.025888521,0.021056026,0.027846828,0.024086025
737,0.0251972,0.023589576,0.026871404,0.02547655,0.020797318,0.027667795,0.023691477
736,0.025022217,0.024092482,0.026581111,0.025196733,0.020704564,0.027752032,0.023085586
735,0.024756313,0.024124142,0.026617879,0.024299885,0.020661017,0.027597808,0.022902201
734,0.024593205,0.024165519,0.025965763,0.023362188,0.020991009,0.027624842,0.02251279
733,0.024432458,0.023947211,0.025599543,0.022553196,0.02076036,0.027214115,0.021975383
732,0.024264244,0.023817876,0.025631203,0.022056997,0.020539198,0.02706573,0.021561691
731,0.023975879,0.023862287,0.025383038,0.021669512,0.020454449,0.026864657,0.021112683
730,0.023626775,0.023664906,0.025189354,0.021431052,0.020422052,0.026936316,0.020773068
729,0.023674365,0.023714059,0.025033954,0.021535413,0.020477188,0.026649337,0.02083178
728,0.023513111,0.023563366,0.024786815,0.021506199,0.02060032,0.026460453,0.020656864
727,0.023161348,0.023573014,0.024831791,0.021678519,0.020538682,0.026776325,0.020687052
726,0.0229159,0.023602504,0.024817456,0.021843013,0.020672854,0.026677633,0.020709641
725,0.02277626,0.023660396,0.024902348,0.022141569,0.02063778,0.026505273,0.020963108
724,0.022425147,0.02347002,0.024867479,0.022271087,0.020542699,0.026244976,0.020943956
723,0.02215854,0.023580529,0.024633723,0.022318256,0.02052248,0.026368572,0.020953437
722,0.021892722,0.02374848,0.024657695,0.02244799,0.020703831,0.026324261,0.021231511
721,0.021272178,0.024160265,0.024693041,0.022676836,0.020590169,0.026278553,0.021223981
720,0.021114015,0.02397142,0.0247499,0.022802613,0.020791832,0.026242254,0.02143611
719,0.020718085,0.024033711,0.02490169,0.02312782,0.020865022,0.026457454,0.021596159
718,0.020512222,0.024059676,0.024929598,0.023368689,0.021342703,0.026400233,0.021864954
717,0.020039221,0.023818697,0.024928584,0.02311922,0.021042033,0.026492726,0.021833186
716,0.01962653,0.023807431,0.024931764,0.022998538,0.020612345,0.026152398,0.021830301
715,0.019566221,0.023822197,0.024804218,0.022990622,0.020611422,0.026365134,0.021704588
714,0.019627694,0.023511744,0.024496953,0.022826485,0.02071203,0.025867311,0.021727583
713,0.019704724,0.023698093,0.024483752,0.022998838,0.020690636,0.026137717,0.021628535
712,0.019916085,0.023694676,0.024806219,0.023076059,0.020820156,0.026192429,0.021574967
711,0.020365403,0.023923168,0.024603368,0.023030964,0.020900766,0.02613923,0.021652669
710,0.020688111,0.02386453,0.024476248,0.022820073,0.020709016,0.026053491,0.021601437
709,0.020928826,0.023872981,0.024461897,0.022929872,0.020806578,0.026147725,0.021623584
708,0.021073851,0.02386669,0.024149236,0.022778688,0.020809429,0.025968209,0.021560413
707,0.021263017,0.02383948,0.024104002,0.022671027,0.020861437,0.025808354,0.021595343
706,0.021377943,0.02360275,0.024360006,0.02275741,0.020688084,0.025833573,0.021714357
705,0.021643908,0.023767345,0.024256689,0.022867329,0.020854457,0.02601449,0.021555434
704,0.021755533,0.023833463,0.024174797,0.022729559,0.02088887,0.025968429,0.021714221
703,0.022033385,0.023867921,0.024232957,0.022795847,0.020856494,0.026067097,0.021779402
702,0.022087065,0.023962967,0.024250886,0.02309323,0.02093108,0.026168344,0.021781062
701,0.022358453,0.023998557,0.024498404,0.023294939,0.02119063,0.026530257,0.022155162
700,0.02219973,0.023898033,0.024273879,0.023117118,0.021215528,0.026272613,0.021957003
699,0.021969093,0.023554129,0.023807649,0.022710848,0.020762207,0.025950044,0.021599506
698,0.021859237,0.023446249,0.023605182,0.02249147,0.020497161,0.025707959,0.021403885
697,0.022140697,0.023538634,0.023665973,0.022515761,0.02086084,0.025604952,0.02148327
696,0.022030553,0.023792473,0.023555605,0.022522905,0.020992775,0.025608467,0.021465999
695,0.022179815,0.023651622,0.023504339,0.02256781,0.020925675,0.025599488,0.021508756
694,0.022110353,0.023618274,0.023546969,0.022488608,0.020757346,0.025724191,0.021417998
693,0.022092621,0.023633499,0.023562546,0.022557885,0.02082108,0.025898495,0.021443372
692,0.022074537,0.023641043,0.023358281,0.022380474,0.020789877,0.025825936,0.021465347
691,0.022171125,0.023703998,0.023239717,0.022368264,0.020685179,0.025517837,0.021395455
690,0.02199055,0.023641918,0.023027606,0.022325532,0.020627845,0.025431974,0.021171006
689,0.022075517,0.02349166,0.023165334,0.022484655,0.02076199,0.025626562,0.021324894
688,0.022172242,0.023707197,0.023182181,0.022464646,0.021007065,0.025553719,0.021362743
687,0.022135059,0.023672369,0.02320277,0.022324605,0.020664085,0.025596578,0.021392164
686,0.022012062,0.023677317,0.02296928,0.022302505,0.020666691,0.025664348,0.02131111
685,0.022137319,0.023511307,0.023106661,0.022400044,0.02071822,0.025638699,0.021403096
684,0.022078404,0.023742355,0.023322253,0.022451888,0.020806632,0.025798794,0.021505955
683,0.021995152,0.0236973,0.023125608,0.022265474,0.020760632,0.025581394,0.021451231
682,0.022191666,0.023771364,0.02316386,0.022356463,0.021072438,0.025847722,0.02166905
681,0.022107193,0.023627103,0.022974138,0.022256755,0.020800848,0.025629363,0.021247168
680,0.021802591,0.023377622,0.022869948,0.02196283,0.020511218,0.02556654,0.02112831
679,0.02165471,0.023384916,0.022797484,0.022032677,0.020426366,0.025495408,0.021097221
678,0.021728508,0.023499175,0.022701274,0.022095863,0.02054506,0.025406641,0.021301975
677,0.021888284,0.023527129,0.02283175,0.022192728,0.020540582,0.025475946,0.021371933
676,0.021839855,0.02336552,0.022863073,0.022335833,0.020627926,0.025479268,0.021420745
675,0.021883901,0.023425649,0.022648255,0.022307601,0.020759682,0.025408699,0.021268644
674,0.021738197,0.023566045,0.02261763,0.022324442,0.02082165,0.025531289,0.021356652
673,0.021967432,0.023468353,0.022864,0.022259261,0.020743281,0.025694063,0.021538161
672,0.02202625,0.023489228,0.022991332,0.022497414,0.020869069,0.02580536,0.021584706
671,0.021925365,0.023502946,0.022985055,0.022445455,0.020852366,0.025810359,0.021580489
670,0.021878211,0.023486414,0.022816226,0.022103898,0.020979462,0.025675141,0.021560793
669,0.021807409,0.023410568,0.02272825,0.022106022,0.020702419,0.025533018,0.02134806
668,0.021918558,0.023461741,0.022694892,0.022229072,0.020655018,0.025632658,0.021376937
667,0.021928768,0.023597857,0.022828913,0.022292995,0.020811629,0.025646745,0.021555489
666,0.021807817,0.0234592,0.02275029,0.022069525,0.020805437,0.025726389,0.021542105
665,0.021688941,0.023485594,0.022667591,0.022052531,0.020724031,0.025610334,0.021409133
664,0.021855344,0.023496907,0.022812407,0.022135876,0.020979191,0.025646635,0.021509871
663,0.022199812,0.023544619,0.022911643,0.022394947,0.020932086,0.025921659,0.02167988
662,0.022277953,0.023687049,0.023209569,0.022515271,0.021204927,0.026055085,0.02198494
661,0.022306729,0.023738938,0.023205228,0.02257111,0.021140566,0.025991239,0.021864491
660,0.022155625,0.023756272,0.023041991,0.022418606,0.021084748,0.025823189,0.021805368
659,0.021834765,0.023497371,0.022719221,0.022162708,0.020832296,0.025661135,0.021629488
658,0.021887576,0.02357878,0.022780215,0.022324714,0.020868662,0.025537493,0.021761194
657,0.022096789,0.023801962,0.023039835,0.022529721,0.021078661,0.025653006,0.021996595
656,0.022138572,0.023741152,0.022933993,0.022415035,0.020997312,0.025706284,0.021839093
655,0.022327521,0.023605647,0.023228849,0.022649127,0.021034126,0.025940866,0.022098505
654,0.022333135,0.023724338,0.023194988,0.02279923,0.021220013,0.026043788,0.02238072
653,0.022326758,0.023603269,0.023182864,0.022600395,0.021010407,0.025922401,0.022243567
652,0.022243131,0.02368057,0.02308979,0.022559058,0.020902994,0.025830991,0.02218036
651,0.022371208,0.023794715,0.023112859,0.022649564,0.021107928,0.02563675,0.022183275
650,0.022330383,0.023871695,0.023158235,0.022797457,0.020954252,0.025696644,0.022264711
649,0.022409365,0.023988052,0.023202934,0.02274197,0.021169728,0.025810607,0.022275337
648,0.022269697,0.023953038,0.023079935,0.022665054,0.021050293,0.025732816,0.022325941
647,0.02212577,0.023965949,0.023252389,0.022668027,0.02087404,0.025694337,0.02239064
646,0.022391921,0.024070182,0.023187287,0.0226791,0.020977778,0.025740891,0.022239916
645,0.022225449,0.024006654,0.023216942,0.022703074,0.02121001,0.025791295,0.022275419
644,0.02229027,0.024208077,0.02314917,0.022740252,0.021029208,0.025716693,0.022264493
643,0.022122556,0.024264134,0.02328183,0.022748817,0.021037305,0.025926715,0.022522141
642,0.022570728,0.024142258,0.023346781,0.022868966,0.020990791,0.025806211,0.022698737
641,0.022520642,0.024031085,0.023308131,0.023027497,0.021058445,0.02587624,0.022693964
640,0.022342455,0.024135882,0.023325339,0.022961529,0.021087737,0.025931881,0.022636473
639,0.022417215,0.024139412,0.02355126,0.022962129,0.021154916,0.025920422,0.022615857
638,0.022319455,0.024142148,0.023495732,0.022926679,0.021197425,0.025860524,0.022728959
637,0.022481629,0.024142887,0.023523222,0.022904548,0.021360132,0.025935013,0.022592106
636,0.022549624,0.024132406,0.023633608,0.023076468,0.021234392,0.026018172,0.022865938
635,0.022448944,0.023948059,0.023815825,0.023056158,0.021182747,0.02610811,0.022788645
634,0.02241479,0.023979544,0.023800075,0.02293009,0.021106324,0.025944219,0.022791537
633,0.022411491,0.02403497,0.023705884,0.022952441,0.021233658,0.026322886,0.022831859
632,0.022574627,0.023949153,0.023766689,0.023131315,0.021371716,0.026205022,0.022963576
631,0.022729177,0.024105671,0.024044354,0.023306711,0.021605654,0.026533476,0.023172816
630,0.022761092,0.024266297,0.023776942,0.023061372,0.021625488,0.026407303,0.022975366
629,0.022737088,0.024303554,0.023624616,0.022993379,0.021484902,0.026537136,0.023108545
628,0.022792055,0.024406088,0.023732759,0.022882637,0.021699853,0.026514325,0.023283878
627,0.022301715,0.024023315,0.023443052,0.022645691,0.021304965,0.026218908,0.022861954
626,0.022250842,0.023930362,0.023145839,0.022321635,0.021257797,0.025760283,0.022618257
625,0.022179843,0.02415824,0.023167054,0.022432671,0.021247685,0.026140934,0.022639146
624,0.022338395,0.024186538,0.023309661,0.022638164,0.02141207,0.026375806,0.02290231
623,0.022625265,0.024104002,0.023441577,0.022518188,0.021483733,0.026399765,0.02295457
622,0.022287054,0.023973006,0.023564241,0.022446055,0.021454849,0.026368324,0.022711966
621,0.022239235,0.024106328,0.023428244,0.022626629,0.02137071,0.026413575,0.022786408
620,0.022365484,0.02412343,0.023403684,0.02251508,0.02149075,0.026466918,0.022868912
619,0.022274847,0.024246178,0.023343476,0.022467263,0.021480306,0.026456244,0.022749254
618,0.022492888,0.024108107,0.023138877,0.022506955,0.021490505,0.026320879,0.022645118
617,0.022308745,0.024171896,0.023193076,0.022603749,0.021409731,0.026134913,0.022834369
616,0.022534574,0.024048403,0.023197909,0.022614412,0.021654928,0.026197956,0.022972909
615,0.022491171,0.024395848,0.023127083,0.022602904,0.021719936,0.026188635,0.022882145
614,0.022312724,0.024241032,0.023147205,0.022585425,0.021688832,0.026132522,0.022836143
613,0.022288798,0.02428899,0.023356615,0.022767066,0.021658084,0.026341204,0.022936394
612,0.022203244,0.024442098,0.023360412,0.022897753,0.021641867,0.026514435,0.023092192
611,0.022037171,0.024296135,0.023377676,0.022840017,0.021812336,0.026503236,0.02314087
610,0.021683199,0.023973253,0.022997964,0.022559549,0.021528803,0.026095382,0.022740552
609,0.02149026,0.023770107,0.022752036,0.02231504,0.021160243,0.025951693,0.022599468
608,0.02163765,0.023843007,0.022707711,0.022488908,0.02138882,0.025954139,0.022698247
607,0.021727148,0.02411046,0.022969334,0.022663854,0.021551816,0.026184951,0.022857152
606,0.021943716,0.024012044,0.023039316,0.022586325,0.021596812,0.026208514,0.022954242
605,0.02161417,0.023755534,0.022680273,0.022381837,0.021248582,0.025920642,0.022687555
604,0.021237002,0.023569461,0.022264166,0.022038669,0.020973187,0.025590455,0.022432671
603,0.021162064,0.023466331,0.022333571,0.021958909,0.020863909,0.025553334,0.022487245
602,0.021388167,0.023501907,0.022323433,0.022098014,0.02091356,0.025593832,0.022615557
601,0.021474648,0.023550085,0.022405386,0.022177091,0.020976284,0.025818106,0.022758719
600,0.021558019,0.023528523,0.022456577,0.022111769,0.021136272,0.025863849,0.022710357
599,0.021703635,0.023738227,0.022433516,0.022282749,0.021194027,0.025790526,0.022808069
598,0.0216912,0.023660287,0.022320136,0.022212644,0.021160841,0.025731909,0.022651064
597,0.021319266,0.02338721,0.022138681,0.021797229,0.020789579,0.025423108,0.022447472
596,0.021275223,0.023364482,0.022009911,0.021856515,0.020773096,0.025470648,0.022536128
595,0.02124551,0.023335391,0.022264466,0.021901896,0.020630315,0.025433758,0.022547879
594,0.02116451,0.023132407,0.02206288,0.021710711,0.020653498,0.025494338,0.02232376
593,0.021217974,0.023249221,0.02206977,0.021805694,0.020633192,0.025393275,0.02261673
592,0.021390506,0.023296715,0.02212912,0.021858039,0.020731796,0.025455798,0.022543108
591,0.021394584,0.023350305,0.02206435,0.021885643,0.020802179,0.025373213,0.022536837
590,0.02133112,0.023316872,0.021991584,0.021949379,0.020677007,0.025573047,0.022614166
589,0.02114467,0.023147259,0.022076688,0.021782532,0.020794412,0.025361495,0.02252664
588,0.021193185,0.023284916,0.021981346,0.021829947,0.020760007,0.025177641,0.022447854
587,0.021483243,0.023289914,0.022294548,0.02203314,0.020913098,0.025416302,0.02273957
586,0.021435213,0.023333042,0.022452733,0.022050651,0.021016656,0.025477044,0.022774759
585,0.021454277,0.023399313,0.022363031,0.022023037,0.020949715,0.025554899,0.022781115
584,0.021346945,0.023487234,0.02230741,0.021830736,0.020842018,0.025505566,0.022663118
583,0.021295368,0.023503902,0.022443874,0.021944941,0.02103092,0.025380211,0.02256233
582,0.021514686,0.023511881,0.022581417,0.021893947,0.021028719,0.025563383,0.022661372
581,0.021581985,0.023550986,0.022695383,0.022111361,0.020991552,0.025769842,0.022675118
580,0.021421914,0.023599825,0.022804441,0.022133806,0.021193429,0.02565762,0.022678009
579,0.021547573,0.02360756,0.023046359,0.022122202,0.021122467,0.025701258,0.0226389
578,0.021585522,0.023702823,0.023073411,0.022127186,0.021371335,0.025876322,0.0226704
577,0.021654166,0.023779649,0.023241001,0.022095454,0.021296347,0.025799893,0.022669445
576,0.021748402,0.023527922,0.023428709,0.022286237,0.021296292,0.025895858,0.022585861
575,0.021573035,0.023437588,0.023369591,0.022155652,0.02109415,0.025756272,0.022480184
574,0.021662955,0.023613874,0.02351281,0.022073665,0.021203948,0.02586514,0.02244153
573,0.021646303,0.023778063,0.023559732,0.022189187,0.021194761,0.025660036,0.022291796
572,0.021453244,0.02367062,0.023564296,0.022007269,0.021105373,0.025684972,0.022042672
571,0.0214756,0.023454937,0.023620543,0.021977915,0.021074802,0.025562037,0.022008822
570,0.021542839,0.023625572,0.024398695,0.02197737,0.020940887,0.025649134,0.021270819
569,0.021701921,0.023650528,0.024497035,0.021975138,0.021113091,0.02569571,0.021215718
568,0.021831825,0.023758432,0.024693753,0.022305639,0.021473751,0.025809233,0.02138765
567,0.021448349,0.023763545,0.024454503,0.022032922,0.021071922,0.02574383,0.021027578
566,0.021388765,0.02347308,0.024294575,0.021827252,0.021092465,0.025550644,0.020705704
565,0.021287756,0.023541258,0.024214044,0.021830764,0.020985032,0.02543255,0.020791235
564,0.021544091,0.023747987,0.024327043,0.021962422,0.021163559,0.025762123,0.020992394
563,0.021465918,0.023794715,0.024404062,0.022019578,0.021165543,0.025755201,0.021111624
562,0.021504649,0.023691614,0.024328466,0.02190108,0.020988998,0.025600257,0.021081052
561,0.021475464,0.023725404,0.024106191,0.021920981,0.021110944,0.02568467,0.02086323
560,0.021577932,0.023709931,0.023979927,0.02185921,0.021115374,0.025633674,0.021033936
559,0.021567322,0.023825041,0.023982991,0.02205411,0.02101652,0.025680716,0.021128744
558,0.021573715,0.023711981,0.023860181,0.021975982,0.021059015,0.025753223,0.021018449
557,0.021551436,0.023786786,0.023753893,0.02200825,0.021027415,0.025687169,0.021035485
556,0.021582394,0.023927244,0.023592637,0.022098287,0.021378922,0.02553203,0.021030214
555,0.021621189,0.023927982,0.023448407,0.022203272,0.021102873,0.025885527,0.021046543
554,0.021705268,0.023912173,0.023426223,0.022179652,0.021243879,0.025803492,0.020999567
553,0.021553068,0.023624944,0.023061481,0.022010701,0.020977968,0.025606188,0.020892428
552,0.021256465,0.023684971,0.022990022,0.02179497,0.020905601,0.025583233,0.02082882
551,0.02150843,0.024069663,0.022975993,0.021984995,0.02113244,0.025867393,0.02098313
550,0.021678111,0.023871887,0.023117008,0.022248253,0.021297298,0.025996543,0.021052249
549,0.021735829,0.023974319,0.022909132,0.022199675,0.021340147,0.025939273,0.021280171
548,0.021797746,0.024015874,0.022947883,0.022365621,0.021397413,0.026080044,0.021052005
547,0.021459418,0.023855259,0.022757137,0.021974838,0.021058445,0.025839177,0.021148339
546,0.021512619,0.023804368,0.022594451,0.021840454,0.021074884,0.02569074,0.020779395
545,0.021669757,0.023992593,0.022841054,0.022244493,0.02127699,0.025931826,0.021201094
544,0.021732808,0.024074779,0.022877261,0.022135712,0.021337428,0.026080429,0.021235751
543,0.021940612,0.024330547,0.022917264,0.022479066,0.021619448,0.026324096,0.021343954
542,0.021596921,0.023934219,0.022752009,0.022318501,0.021250159,0.02602628,0.021038392
541,0.021106243,0.023385216,0.022215096,0.021620564,0.020707985,0.025446905,0.020527229
540,0.021252415,0.023661325,0.022171289,0.021771427,0.020928527,0.025539689,0.02058208
539,0.02160726,0.023933562,0.022650791,0.02224512,0.021309859,0.025993465,0.021042712
538,0.021778966,0.024191546,0.022669718,0.022280923,0.021491784,0.026062589,0.021275468
537,0.021492328,0.023780907,0.022560421,0.022130646,0.021128282,0.02582632,0.020935997
536,0.021281612,0.023675075,0.022393121,0.021927216,0.021091976,0.025606929,0.02069593
535,0.021838276,0.024219217,0.022933529,0.022486727,0.021481666,0.026111464,0.021191336
534,0.02147454,0.023953694,0.022538418,0.022179488,0.021306515,0.025807969,0.020923638
533,0.021194109,0.02366887,0.02224888,0.02182796,0.021067955,0.025554625,0.020518762
532,0.021359398,0.023939525,0.022502675,0.022001333,0.021252578,0.02582959,0.020806795
531,0.021797637,0.024334845,0.022915682,0.022458376,0.021719256,0.026011246,0.021122168
530,0.022005254,0.024485203,0.023072974,0.022610103,0.021940639,0.026300362,0.021393034
529,0.021481774,0.0239558,0.022574136,0.022187634,0.021368262,0.025828271,0.020853126
528,0.021139017,0.023659057,0.022197605,0.021753981,0.020883166,0.025423383,0.020407889
527,0.021391294,0.023951314,0.022400234,0.022068681,0.021282155,0.025653061,0.020711216
526,0.021420935,0.023927627,0.022499622,0.022083388,0.021239095,0.025797805,0.020733588
525,0.021238116,0.023586816,0.022274438,0.021960107,0.02094287,0.02551748,0.020511462
524,0.021227923,0.023871422,0.022357989,0.021841325,0.021022851,0.025688597,0.020375088
523,0.021491838,0.023878013,0.022500985,0.022029191,0.021150948,0.025855936,0.020547991
522,0.021458167,0.023916467,0.022386988,0.022124217,0.021389472,0.025726334,0.020634387
521,0.02171833,0.023948716,0.02260953,0.022059911,0.021503235,0.025804728,0.020624804
520,0.021606715,0.024184649,0.022718103,0.022292913,0.021446581,0.02585731,0.020823198
519,0.021364265,0.023932605,0.022402606,0.022009938,0.021252034,0.025702961,0.020621981
518,0.021059368,0.023706131,0.022209728,0.021820583,0.020913017,0.025521762,0.020382196
517,0.021109449,0.023576676,0.02215952,0.021842142,0.021036735,0.025365776,0.020375034
516,0.021235289,0.023869179,0.022310217,0.021973667,0.021035947,0.025376397,0.020396467
515,0.021317744,0.023833545,0.022419723,0.021963238,0.021115292,0.025605062,0.020581538
514,0.02133732,0.023948825,0.022365702,0.022077478,0.021271064,0.025669236,0.020656239
513,0.021414844,0.023989967,0.022405141,0.022090987,0.021347189,0.025656329,0.020610391
512,0.021443453,0.023923059,0.022334825,0.02198829,0.021308581,0.025661162,0.020675514
511,0.021424008,0.02391272,0.02237208,0.022092976,0.021379656,0.025672532,0.020768289
510,0.02144242,0.024035052,0.022306429,0.022101147,0.02131845,0.025752674,0.020709451
509,0.021293411,0.023766115,0.022264983,0.021973803,0.02126704,0.025565662,0.020678772
508,0.021223166,0.023784161,0.022202046,0.021859591,0.021211124,0.025452669,0.020653308
507,0.021310756,0.023752198,0.022232042,0.021837705,0.021109857,0.025642654,0.020723623
506,0.02139007,0.023969696,0.022460938,0.022152519,0.021266198,0.025702274,0.021046
505,0.021406713,0.024098858,0.02240078,0.022003593,0.021376637,0.025768331,0.021201475
504,0.021412179,0.024076147,0.022284956,0.02211738,0.021309315,0.025702933,0.021238442
503,0.021406087,0.024062111,0.022363222,0.022181722,0.021311246,0.025653803,0.021335063
502,0.021480496,0.024186291,0.022568819,0.022112069,0.021337347,0.025749955,0.021582203
501,0.021526627,0.024298736,0.022458975,0.022351558,0.021554047,0.025898138,0.021778367
500,0.021781443,0.024458556,0.02243586,0.022472088,0.021677376,0.025910338,0.021888556
499,0.021628127,0.024368439,0.02255126,0.022406231,0.021576055,0.025863904,0.022021485
498,0.021738659,0.024379775,0.022616375,0.02239492,0.021709785,0.025984835,0.022189023
497,0.021564357,0.024343278,0.022520451,0.022329647,0.021626985,0.025981208,0.022316403
496,0.021758173,0.024397107,0.022569337,0.022500821,0.021649976,0.025899979,0.022464646
495,0.022026468,0.024829434,0.023065713,0.022622702,0.021954607,0.026319201,0.022983663
494,0.022519415,0.025280959,0.023328453,0.023134345,0.022393202,0.026704004,0.023460347
493,0.022689328,0.025627111,0.023625572,0.023392947,0.022742325,0.02686496,0.023982143
492,0.022425147,0.025236677,0.023443599,0.023188161,0.022443002,0.026682588,0.023922922
491,0.022315503,0.025184307,0.023413027,0.023027879,0.022364612,0.026481115,0.023898634
490,0.023230842,0.026150859,0.024349931,0.024011798,0.023305427,0.027451167,0.025018598
489,0.023622074,0.026545446,0.024908571,0.0245104,0.023971885,0.028117891,0.025730701
488,0.023738473,0.026847612,0.024878444,0.024709563,0.023953284,0.027899686,0.025832611
487,0.024213688,0.027240628,0.025232644,0.024983994,0.024347248,0.028240888,0.026387249
486,0.02547235,0.028561348,0.026660623,0.026482381,0.025754432,0.029550389,0.027791466
485,0.026424056,0.029534761,0.027756033,0.027532466,0.02690021,0.030279571,0.028785363
484,0.026508712,0.029946498,0.027948491,0.027732082,0.027064021,0.030479482,0.029125934
483,0.0274025,0.030914796,0.028874741,0.02883532,0.02827882,0.031185306,0.030220678
482,0.029522293,0.032990089,0.030886862,0.030855234,0.030226145,0.033070504,0.032293848
481,0.031681302,0.035204906,0.033109977,0.033108077,0.0323767,0.035019673,0.034383799
480,0.034377747,0.038079457,0.035973629,0.036029595,0.035134536,0.037525808,0.037158173
479,0.037581748,0.041436013,0.039283594,0.039361725,0.038490892,0.040396011,0.040325448
478,0.041007781,0.045136482,0.042890308,0.043027566,0.042042948,0.04367503,0.043896268
477,0.045050471,0.049519912,0.046891262,0.047451645,0.046270433,0.047400569,0.047882379
476,0.050171905,0.055037264,0.052297404,0.052687117,0.051439842,0.052138972,0.052986014
475,0.056756682,0.061582026,0.058709151,0.059525058,0.05791122,0.05795417,0.059304053
474,0.063905778,0.069293759,0.065965238,0.067178151,0.065379172,0.06469501,0.066297783
473,0.072729543,0.078583857,0.074654211,0.076315094,0.074186461,0.072819593,0.075005785
472,0.082836327,0.089143759,0.084831431,0.086797269,0.084561157,0.082273988,0.084896327
471,0.094234794,0.100874884,0.096091681,0.098266801,0.095723237,0.09283336,0.095616697
470,0.107168057,0.114686,0.108993222,0.111848066,0.108941922,0.105185369,0.108389551
469,0.123230692,0.131395518,0.124893801,0.128359074,0.124891282,0.11999003,0.123937346
468,0.141071425,0.150043161,0.14248449,0.146570274,0.142985713,0.136854856,0.141171663
467,0.16059929,0.170730045,0.161892332,0.166372424,0.16237652,0.155039037,0.160282274
466,0.182556903,0.193635799,0.183524544,0.188896869,0.184268438,0.175936036,0.181460407
465,0.206398614,0.218763068,0.206897776,0.213070001,0.208270741,0.198734768,0.204650078
464,0.233212241,0.247090017,0.233251082,0.239938111,0.234863963,0.224309942,0.230837343
463,0.264733296,0.280015839,0.263967893,0.271811463,0.266043082,0.254485328,0.261163581
462,0.301115195,0.318679854,0.299878924,0.308285978,0.302379896,0.28955123,0.29696546
461,0.335296496,0.354549091,0.333500805,0.342780627,0.3364947,0.322462652,0.330349605
460,0.366492379,0.38751637,0.363947184,0.374147142,0.367236297,0.352885324,0.36073637
459,0.403467416,0.427016306,0.40054279,0.410940551,0.404080027,0.389451746,0.397045819
458,0.448257458,0.47403882,0.44442203,0.455781592,0.448443919,0.433166608,0.440919117
457,0.493554028,0.522276822,0.489426267,0.501025715,0.493519107,0.47820386,0.485584043
456,0.540499686,0.572361659,0.535746746,0.547971523,0.54021488,0.524848321,0.532163249
455,0.587066686,0.621933883,0.582052324,0.594240712,0.586122977,0.57139969,0.57792024
454,0.633307186,0.671497365,0.627664614,0.640135831,0.632084095,0.618067316,0.624217251
453,0.677532285,0.718809449,0.67193035,0.684278483,0.675978547,0.662897961,0.668495364
452,0.723281237,0.768042793,0.718395248,0.730324036,0.722214699,0.710351842,0.714625834
451,0.772489533,0.820999287,0.767600537,0.779173447,0.770841234,0.760896609,0.764313542
450,0.816984964,0.869273021,0.813317223,0.824027859,0.815654665,0.807612233,0.809731473
449,0.85803826,0.913836714,0.855481582,0.865079795,0.857146789,0.85093232,0.851834669
448,0.897198055,0.956489516,0.895881518,0.904394552,0.89644939,0.892805885,0.892392852
447,0.932204018,0.995004977,0.932099591,0.939563594,0.932008691,0.930163348,0.928834091
446,0.964854101,1.030600171,0.965861123,0.972484293,0.964875886,0.96555736,0.962838836
445,0.996500595,1.065968447,1.000200786,1.004861141,0.997575756,1.001154877,0.996951771
444,1.023902491,1.096521058,1.030004167,1.032976062,1.026031028,1.031891331,1.02707396
443,1.047275206,1.122200566,1.055177379,1.05719274,1.050248968,1.058006895,1.05211857
442,1.065578785,1.143650728,1.076369702,1.07689314,1.069499091,1.080209981,1.072981228
441,1.080336065,1.160724714,1.09358194,1.09240196,1.085017002,1.098552556,1.089839582
440,1.091308061,1.174517152,1.106947793,1.104142921,1.097574263,1.112517499,1.103505524
439,1.098859926,1.185022239,1.118054705,1.113365121,1.106504622,1.123434118,1.114265882
438,1.103650058,1.190394559,1.125001282,1.119050201,1.111853843,1.131562195,1.120837317
437,1.104251755,1.193632272,1.128621251,1.121464989,1.114663744,1.135345133,1.123712981
436,1.102287989,1.193070314,1.128570042,1.120265776,1.113740716,1.136095545,1.124509052
435,1.097414526,1.188895519,1.126172902,1.116880444,1.109949458,1.1329838,1.12195892
434,1.089792032,1.182398814,1.120802145,1.110371836,1.102846057,1.12728735,1.116401643
433,1.080323723,1.173667852,1.113684673,1.102036379,1.095072412,1.119994449,1.108858365
432,1.069750924,1.163105765,1.104014791,1.091495526,1.084628435,1.109887193,1.09922143
431,1.056458038,1.149697918,1.092941568,1.079417572,1.072049762,1.098048068,1.087290296
430,1.041584491,1.134925049,1.079198279,1.064767077,1.057869827,1.084932556,1.073889456
429,1.025530609,1.118851438,1.064259731,1.049753104,1.042508742,1.069146428,1.058714478
428,1.007907192,1.100123654,1.047727579,1.032031238,1.024693952,1.052277045,1.041650622
427,0.990054551,1.081829661,1.030716463,1.014898905,1.007374849,1.035028799,1.024476104
426,0.972180871,1.063339614,1.013431085,0.997434521,0.989846983,1.017608653,1.007284155
425,0.954346891,1.04460926,0.99604697,0.979348428,0.972040132,0.999902835,0.989782378
424,0.935408458,1.02441483,0.977096598,0.960384933,0.952911182,0.98088221,0.970913616
423,0.914185226,1.001881638,0.955896387,0.93910746,0.931735414,0.959663454,0.94972937
422,0.89417068,0.980606842,0.935843024,0.918747119,0.911585718,0.939607601,0.929671675
421,0.875070026,0.960301944,0.916722596,0.899449105,0.89236103,0.920360204,0.910436395
420,0.854776277,0.938347672,0.896152648,0.878702504,0.871671775,0.899662988,0.889802692
419,0.833834091,0.915987479,0.874924778,0.857298649,0.850726449,0.878683074,0.868790139
418,0.812359996,0.89330576,0.853392043,0.835581731,0.828992294,0.856895218,0.847010188
417,0.789199621,0.868181988,0.829663295,0.812046286,0.805419262,0.83332386,0.823704618
416,0.767395676,0.844931709,0.80747903,0.78957677,0.783255752,0.811096711,0.801170122
415,0.746156178,0.821662206,0.785518853,0.76795646,0.761623695,0.789442449,0.779655316
414,0.72364207,0.797234761,0.762735273,0.745099172,0.738909881,0.76687428,0.756743277
413,0.700604013,0.772755099,0.739249432,0.721659891,0.715568907,0.743356179,0.733150001
412,0.677277651,0.747240315,0.715437178,0.697885889,0.691954914,0.719373139,0.709403909
411,0.654484573,0.722573895,0.692113629,0.674598417,0.66889037,0.696119298,0.686240137
410,0.632742699,0.699233565,0.669868127,0.652552445,0.6469126,0.673807426,0.66394137
409,0.610408028,0.674762572,0.647047695,0.629922055,0.624254491,0.650715324,0.640832127
408,0.587966489,0.650569243,0.623940217,0.606985023,0.601464815,0.62764792,0.617832561
407,0.565183608,0.625713034,0.600330632,0.583798375,0.578279114,0.604025033,0.594441304
406,0.542174343,0.600774896,0.576717325,0.56051662,0.555022593,0.58028367,0.570644188
405,0.521553019,0.578118478,0.555274002,0.539313275,0.534023956,0.55870628,0.549223433
404,0.501570431,0.556330251,0.534489694,0.518865289,0.513724755,0.537927764,0.528517591
403,0.480710196,0.533502564,0.512885219,0.497772011,0.492528492,0.516250257,0.506905068
402,0.460300261,0.511092576,0.491600666,0.47662087,0.471787732,0.494810436,0.485706125
401,0.440141435,0.488990688,0.470560458,0.45612419,0.451247002,0.473820542,0.464652684
400,0.420036198,0.467018146,0.449491999,0.435661603,0.430687051,0.452583244,0.44372531
399,0.401940213,0.447021561,0.430419201,0.416725753,0.412089959,0.433568556,0.424707055
398,0.384784101,0.428226289,0.41247714,0.399225101,0.394536812,0.415503308,0.406726954
397,0.367278267,0.408912145,0.3940286,0.381126529,0.37675627,0.396914318,0.388310354
396,0.34987033,0.389715322,0.375366338,0.363340204,0.35903206,0.378604163,0.369873418
395,0.334240807,0.372412556,0.358691438,0.347108286,0.342858405,0.361956059,0.353378471
394,0.318861519,0.355449913,0.342390208,0.331232303,0.32724005,0.345758227,0.337356299
393,0.303712725,0.338616232,0.326093895,0.31565184,0.31158943,0.329705176,0.321396186
392,0.290391762,0.323998402,0.312026962,0.301798142,0.297889245,0.315586895,0.307317852
391,0.277549527,0.309793769,0.298244043,0.288560721,0.284766865,0.301810096,0.293737619
390,0.263600492,0.29411635,0.283200066,0.274071917,0.270225376,0.2870773,0.278907261
389,0.249962526,0.27910913,0.268692874,0.260092332,0.256421258,0.272658913,0.264646968
388,0.2381401,0.26593572,0.255827549,0.247688009,0.244209355,0.259909,0.252015455
387,0.226923048,0.253602111,0.243898548,0.236248609,0.232726993,0.248033481,0.240313932
386,0.215699046,0.241205692,0.231853648,0.224730145,0.221269704,0.236227069,0.228443998
385,0.204981742,0.229430344,0.220222991,0.21363362,0.210322775,0.224745259,0.217099268
384,0.194826669,0.218148181,0.209328743,0.203150404,0.199936153,0.213953239,0.206413769
383,0.184622905,0.206855886,0.198185365,0.192532461,0.189284834,0.20295023,0.195304095
382,0.175010662,0.196212776,0.187825715,0.182633486,0.179553017,0.192725388,0.185390502
381,0.166369652,0.186627287,0.178603822,0.173839192,0.170851295,0.183595332,0.176306451
380,0.157795765,0.177133733,0.1691401,0.164920842,0.162075009,0.17442635,0.16704592
379,0.149236551,0.167671256,0.159871143,0.15614316,0.153091804,0.165287392,0.158032706
378,0.14174685,0.159441529,0.151710042,0.148243408,0.145462546,0.157318402,0.150117987
377,0.134641278,0.151543414,0.144075843,0.141112764,0.138136283,0.149717604,0.142613237
376,0.12778327,0.143921925,0.136443508,0.13400084,0.131205408,0.142437486,0.135292241
375,0.121348873,0.136731847,0.129244309,0.127215168,0.124454973,0.135429941,0.128212191
374,0.115004772,0.129980831,0.122438975,0.120829393,0.118113472,0.128745666,0.121819523
373,0.108969301,0.123219278,0.115571132,0.114541007,0.111899342,0.122318643,0.115367599
372,0.103294628,0.116869509,0.109200912,0.108798867,0.105998227,0.116200164,0.109225178
371,0.098101942,0.111319952,0.103709817,0.103387599,0.100736223,0.110800096,0.103644677
370,0.093274118,0.105908759,0.098313057,0.098506185,0.095974009,0.105553944,0.098561464
369,0.088744513,0.100583053,0.092952141,0.093715901,0.091203533,0.100449379,0.093568301
368,0.084365171,0.095896654,0.087985349,0.089110387,0.086634557,0.095905887,0.089054264
367,0.080241866,0.09136573,0.083573168,0.085037482,0.082514105,0.091505616,0.084669738
366,0.076373051,0.087021588,0.078893924,0.080875293,0.078460878,0.087343184,0.080400456
365,0.072673907,0.083105059,0.074893381,0.077289226,0.074871943,0.083581264,0.076588002
364,0.069404875,0.079463433,0.071046772,0.073919016,0.071525312,0.080160663,0.073107558
363,0.066243929,0.076103577,0.067478213,0.070829821,0.068528988,0.076871217,0.069648008
362,0.063500478,0.072985967,0.064238189,0.067801842,0.06547689,0.07387277,0.06654754
361,0.060597813,0.069932509,0.061159785,0.065099231,0.062522883,0.070827323,0.063719612
360,0.057985882,0.067106665,0.057887883,0.062318634,0.060048635,0.067999877,0.060858964
359,0.055471914,0.064435987,0.055028596,0.060021735,0.0577389,0.065609975,0.058274033
358,0.053125125,0.062305487,0.05240443,0.057775446,0.055470297,0.063243992,0.055916599
357,0.050777506,0.059872108,0.050042741,0.055594613,0.053369789,0.061057701,0.053609788
356,0.04883851,0.057803627,0.047640988,0.053568466,0.051442115,0.058891817,0.051317001
355,0.046692733,0.055906736,0.045318324,0.051723505,0.049590128,0.057069641,0.04915822
354,0.044626408,0.053843326,0.043319915,0.050170278,0.047811398,0.055387567,0.047214534
353,0.042730272,0.052337057,0.041500063,0.048707715,0.046538003,0.053747869,0.045333697
352,0.040817042,0.050870043,0.039600428,0.047371698,0.045107532,0.052198111,0.043425294
351,0.03895776,0.049430273,0.037886073,0.045968495,0.043751493,0.050836169,0.0414617
350,0.037189248,0.048120086,0.036320477,0.044667633,0.042491071,0.049729143,0.039518199
349,0.035361435,0.046771661,0.034777444,0.043472987,0.041350133,0.048469077,0.037250927
348,0.03382345,0.045924355,0.033430333,0.042681433,0.040560134,0.047559996,0.034959236
347,0.032509168,0.04489311,0.032204907,0.041746784,0.039623766,0.046564513,0.032481605
346,0.031133465,0.043915829,0.03090504,0.040793269,0.038716099,0.045632261,0.02925362
345,0.030025879,0.043106202,0.029868378,0.040097418,0.037802671,0.044802928,0.025514268
344,0.028928637,0.042454533,0.028914554,0.039348348,0.037327819,0.044202357,0.020798486
343,0.028020302,0.0418564,0.027871641,0.038814338,0.036729489,0.043532388,0.014505855
342,0.026931552,0.04133641,0.027108545,0.038368775,0.036416656,0.043125127,0.006789043
341,0.025748417,0.040872924,0.026273108,0.037965591,0.03577747,0.042747067,-0.002844849
340,0.024928337,0.04096161,0.025815496,0.037973191,0.035788376,0.042870279,-0.015683065
339,0.024028103,0.040753689,0.025349228,0.037741479,0.035680674,0.042612583,-0.032489484
338,0.023116462,0.040421893,0.024628846,0.037629453,0.035717265,0.042386032,-0.0543937
337,0.022484791,0.040538138,0.024393246,0.037634788,0.03574034,0.042588655,-0.082668903
336,0.022014431,0.040774389,0.024097326,0.037919743,0.035676206,0.042594851,-0.118063376
335,0.021709541,0.040960814,0.023855778,0.038228911,0.0359292,0.042869965,-0.163201118
334,0.021365081,0.041318872,0.02387722,0.038560649,0.036330806,0.043265376,-0.218504653
333,0.021198322,0.041749178,0.02355208,0.038960082,0.036690193,0.043598666,-0.289058807
332,0.021025486,0.042325931,0.023822142,0.039583102,0.037313432,0.044258963,-0.384675994
331,0.021008233,0.043397374,0.024065312,0.040474826,0.038096892,0.044968237,-0.503236166
330,0.021077493,0.043987866,0.02446554,0.041293165,0.03892047,0.045810629,-0.645482338
329,0.021293193,0.045093029,0.024810577,0.042201961,0.03983163,0.046796426,-0.828253782
328,0.021452129,0.046150024,0.025286885,0.043323004,0.040989119,0.048024866,-1.065310867
327,0.02167022,0.047109067,0.02543782,0.04418115,0.041856999,0.04881189,-1.347837637
326,0.021844619,0.047832755,0.025486487,0.045075138,0.042831281,0.049630464,-1.709387862
325,0.021785063,0.049006609,0.025676212,0.045953446,0.043576171,0.050572453,-2.140128768
324,0.021633542,0.049742147,0.025672806,0.046610851,0.044113981,0.051216737,-2.606938742
323,0.021541316,0.050557155,0.025737677,0.047668201,0.045195393,0.052092887,-3.160352448
322,0.021392028,0.051528381,0.02588962,0.0487173,0.046168622,0.053016693,-3.833708718
321,0.021102846,0.052464715,0.025841925,0.049728765,0.047307527,0.054010472,-4.469919049
320,0.020683442,0.05294019,0.025479679,0.05035927,0.047804289,0.054502933,-4.191151683
319,0.019915516,0.053636411,0.024829324,0.050716059,0.048164479,0.054975681,-4.386988191
318,0.018984739,0.054161172,0.024612902,0.051414927,0.048969199,0.055534303,-4.143495158
317,0.018527229,0.054689269,0.024363292,0.052511278,0.049943265,0.05649996,-4.112016273
316,0.01769367,0.05515496,0.02410184,0.053468589,0.050794412,0.057434677,-4.016922607
315,0.0164146,0.055284742,0.023260336,0.053924971,0.051470878,0.05802597,-3.882400287
314,0.01539899,0.055647309,0.022819991,0.054848429,0.052353527,0.059044606,-3.716328242
313,0.014804978,0.056300587,0.023041091,0.056464583,0.053959615,0.06089488,-3.731748035
312,0.014483667,0.056559755,0.023557901,0.058413397,0.055962944,0.063048443,-3.483450082
311,0.013027456,0.056887061,0.023318347,0.059819847,0.057265736,0.064639192,-3.56484206
310,0.009819249,0.057593515,0.021490587,0.059740443,0.057012256,0.064598158,-3.204431364
309,0.006188408,0.0583365,0.019353081,0.059283994,0.056614338,0.064297528,-3.081946318
308,0.003982485,0.059915876,0.018902618,0.060735544,0.05794713,0.065998083,-2.887429546
307,0.003021595,0.061930127,0.019920421,0.063660862,0.061032854,0.069225446,-2.538330882
306,0.002145153,0.064937504,0.021795678,0.067567845,0.064571096,0.073313054,-2.391730699
305,0.001638511,0.069357923,0.024522424,0.072138593,0.069073616,0.078181398,-2.258118906
304,0.001941302,0.075187681,0.028116123,0.078056767,0.074968775,0.084620225,-1.675921983
303,0.003480115,0.083087444,0.033908889,0.08632299,0.083004422,0.093262855,-1.737414347
302,0.005882433,0.091890809,0.04079617,0.095620536,0.092069197,0.103715207,-1.337348267
301,0.008112241,0.10202983,0.048213332,0.105579988,0.102151645,0.114214696,-1.391655316
300,0.009326087,0.113407636,0.056043075,0.116304364,0.112531326,0.125755533,-1.126797631
299,0.009320718,0.124983746,0.063706902,0.12709642,0.123922263,0.13794473,-1.079526945
298,0.006972665,0.133951503,0.069957415,0.135813114,0.132586577,0.148490133,-0.980127485
297,0.001018512,0.140407635,0.07326819,0.142042036,0.13916889,0.155860546,-0.978946533
296,-0.009158282,0.145066177,0.07467573,0.146394075,0.143823466,0.161830142,-1.041935217
295,-0.021410511,0.147188007,0.074763847,0.149488296,0.147029569,0.166287532,-1.209111103
294,-0.035121541,0.147487643,0.074482864,0.152494122,0.149962279,0.170317031,-0.808761343
293,-0.051366644,0.146795651,0.074770551,0.156509165,0.154008232,0.175915891,-0.944828145
292,-0.067153651,0.14616463,0.076877768,0.162913566,0.159851804,0.182987133,-0.960756982
291,-0.079021733,0.145985262,0.082354054,0.172077734,0.168810567,0.192834253,-0.886179433
290,-0.088819203,0.146859028,0.093987853,0.188326613,0.183604577,0.209377622,-0.81340025
289,-0.102813171,0.149390903,0.112958063,0.21205191,0.207714244,0.234780927,-0.823798691
288,-0.135743702,0.152809292,0.130645054,0.236130486,0.232341943,0.260608262,-0.866240504
287,-0.199766026,0.156913187,0.140451916,0.251984332,0.249647483,0.279425753,-0.880435378
286,-0.317186493,0.161190754,0.143313066,0.261459868,0.259072648,0.290488921,-0.78146715
285,-0.510010537,0.165999266,0.142637035,0.266334497,0.263975547,0.296430223,-0.804165464
284,-0.814283103,0.17109616,0.141095318,0.270915376,0.268401746,0.302188721,-1.023949019
283,-1.259651885,0.175834391,0.137359103,0.273328215,0.270946195,0.305630659,-0.901237395
282,-1.841887632,0.180321265,0.131441797,0.273403412,0.271015183,0.306515562,-0.88244952
281,-2.613103151,0.184965693,0.127952424,0.276836721,0.27397914,0.310156711,-0.867804507
280,-3.1858726,0.189770589,0.1315138,0.28851756,0.284851651,0.322339936,-0.891973556
279,-3.100416531,0.194936305,0.141582387,0.307573576,0.303562281,0.342505508,-0.7560387
278,-2.715876702,0.200202991,0.153119314,0.329378249,0.32636383,0.365967349,-0.860356973
277,-2.221759371,0.204903024,0.159980755,0.349800554,0.347376458,0.388375364,-0.853475019
276,-1.50213391,0.2106411,0.157584068,0.364187519,0.363728214,0.406436353,-0.867378483
275,-0.894517486,0.217532626,0.139605783,0.369804751,0.372276197,0.416582415,-0.884479546
274,-0.701311311,0.224397856,0.109789813,0.368879863,0.374346145,0.420618543,-0.779848431
273,-0.60376171,0.230670839,0.06945973,0.364091698,0.375092384,0.423377218,-0.925141178
272,-0.565089353,0.235909977,0.019697736,0.354124434,0.374233074,0.42636711,-0.834945227
271,-0.511318249,0.241057306,-0.049468861,0.332760335,0.373043175,0.433016057,-0.962861013
270,-0.460740472,0.246874979,-0.159585731,0.296949766,0.376562043,0.451361888,-0.839125936
269,-0.450027781,0.251003695,-0.316257008,0.273805753,0.385869452,0.472928065,-0.842931804
268,-0.453726769,0.253276023,-0.539079605,0.290202457,0.394021449,0.477182984,-0.880181946
267,-0.459996235,0.254093515,-0.809767992,0.316905763,0.398927347,0.474299102,-0.899912355
266,-0.468228177,0.254263251,-1.177977921,0.323818804,0.402402161,0.477704456,-0.874482247
265,-0.439630346,0.253853386,-1.743997094,0.306613512,0.400535726,0.482455888,-0.829266526
264,-0.446539871,0.252416228,-2.493622594,0.281861806,0.393665621,0.481929076,-0.925165535
263,-0.447365728,0.250279133,-3.377325686,0.254771461,0.38629007,0.481584499,-0.83034863
262,-0.408482003,0.24742824,-4.016675956,0.23648116,0.377350397,0.474659063,-0.848784399
261,-0.391916156,0.244327562,-4.23450799,0.234183167,0.368950533,0.463327366,-0.821376861
260,-0.404366043,0.240874307,-4.156322394,0.235169793,0.362649877,0.454737195,-0.838192132
259,-0.413373503,0.236456886,-4.150974198,0.235966843,0.357462387,0.447965373,-0.833427179
258,-0.392799652,0.230936325,-4.012937395,0.236480937,0.353463574,0.442216492,-0.841632153
257,-0.387323631,0.225036177,-4.144869073,0.233888232,0.348647788,0.436262292,-0.715230402
256,-0.359410557,0.218586741,-3.995601521,0.226969975,0.342023496,0.42884919,-0.756792142
255,-0.354720793,0.211694574,-3.839164389,0.21976032,0.332834974,0.418291766,-0.637006351
254,-0.339942666,0.204492403,-3.634679244,0.214726471,0.322020787,0.404845397,-0.66246947
253,-0.335144901,0.197883262,-3.132596646,0.211702624,0.312470757,0.392697825,-0.617004779
252,-0.33801337,0.191340698,-2.917100468,0.209869645,0.303618916,0.380799707,-0.594902337
251,-0.309915319,0.183719753,-2.484546026,0.207943869,0.294314404,0.368463248,-0.574605818
250,-0.29946904,0.176510996,-1.813473979,0.205064625,0.287774988,0.360286663,-0.53673161
249,-0.266079373,0.170205162,-1.282343143,0.202970016,0.28307581,0.354548389,-0.518410472
248,-0.263737804,0.165044341,-1.189090097,0.202320396,0.278625383,0.348707643,-0.51413306
247,-0.272417334,0.160422363,-0.925358134,0.203385401,0.274144226,0.342372242,-0.497090357
246,-0.256031353,0.155109918,-0.809695171,0.206438003,0.268254047,0.33403296,-0.483546943
245,-0.241704013,0.150096591,-0.551594579,0.208551078,0.26230164,0.326423188,-0.493765218
244,-0.229736028,0.147059422,-0.519037926,0.20909893,0.258519807,0.322318567,-0.550969817
243,-0.249055175,0.144817488,-0.482995906,0.210606584,0.256144168,0.319791258,-0.634126275
242,-0.231713827,0.144008759,-0.297160798,0.214843413,0.254801853,0.318167896,-0.752561949
241,-0.242682185,0.144942917,-0.274945719,0.224948091,0.255799978,0.318939068,-0.931065486
240,-0.283751213,0.149464667,-0.253794077,0.238956985,0.260177901,0.323555218,-1.086955794
239,-0.272531205,0.156548585,-0.33909478,0.254284403,0.267201584,0.331590595,-1.257763516
238,-0.287062884,0.167683367,-0.219237314,0.272756502,0.277643511,0.34421908,-1.461482506
237,-0.333792886,0.181639942,-0.191337333,0.294506836,0.291549333,0.360146701,-1.670791189
236,-0.349625572,0.202354921,-0.102683263,0.324113288,0.311767171,0.382190097,-1.853756411
235,-0.379028214,0.228173771,-0.187797266,0.359950154,0.337093595,0.411076169,-1.976946004
234,-0.419465488,0.258966714,-0.207214349,0.399393372,0.366794932,0.446391743,-2.157518918
233,-0.493727748,0.306528302,-0.225267695,0.46019501,0.418058224,0.501467996,-2.347279202
232,-0.568401356,0.356761762,-0.350069,0.523612049,0.46794641,0.558910702,-2.48467838
231,-0.626899489,0.412752627,-0.153315081,0.599770624,0.532886999,0.632160745,-2.523414126
230,-0.697666628,0.462043807,-0.132629516,0.667409976,0.589307432,0.58177075,-2.560286396
229,-0.740012985,0.49333878,-0.309525232,0.719275105,0.563290912,0.747106647,-2.628787665
228,-0.746240362,0.53165562,-0.267212954,0.799198962,0.703127774,0.824729826,-2.625324637
227,-0.756574561,0.57817414,-0.405895367,0.934125517,0.819526411,0.955635357,-2.670484353
226,-0.710883609,0.609477068,-0.079048232,1.102494922,0.971656501,1.120283831,-2.500278186
225,-0.638332594,0.624537504,-0.155804395,1.337341432,1.192414127,1.359354897,-2.415417576
224,-0.555128413,0.612924627,-0.347215688,1.675760802,1.523660783,1.707580269,-2.209499224
223,-0.4634657,0.518153503,-0.179977492,2.106939959,1.963183002,2.155036655,-1.991805062
222,-0.415244731,0.215547429,-0.313814528,2.465384685,2.372032612,2.546585258,-1.783838255
221,-0.389088111,-0.229520219,-0.332141954,2.547053143,2.562955594,2.697901733,-1.71889471
220,-0.37473832,-0.362124714,-0.104180793,2.363028795,2.57156861,2.654579642,-1.697813745
219,-0.351779154,-0.269253175,-0.188264345,2.001143408,2.512927293,2.505230841,-1.749984343
218,-0.445752548,-0.195213196,0.022320354,1.483398179,2.462788682,2.272725125,-1.893488496
217,-0.383363788,-0.158366356,-0.334452186,0.871624775,2.424383346,1.996786536,-1.681728
216,-0.293920576,-0.103961285,-0.310344582,0.402756225,2.379374824,1.77281138,-1.835801085
215,-0.325303422,-0.021210086,-0.244155298,0.047368321,2.315040034,1.593678422,-1.875309168
214,-0.388744613,0.071475749,0.14567971,-0.292918677,2.236402517,1.382371132,-1.703258276
213,-0.311729353,0.177646448,0.187259373,-0.542457558,2.138868244,1.079899386,-1.662571737
212,-0.296877329,0.251194383,-0.025445457,-0.630922613,2.03310909,0.782625322,-1.648476448
211,-0.391478758,0.298692118,10,-0.658562374,1.930862964,0.614182747,-1.665590144
210,-0.304650341,0.330427183,-0.173330097,-0.66892706,1.835453503,0.492563374,-1.652448987
209,-0.255143534,0.349860858,0.495366804,-0.655002247,1.743795675,0.377731058,-1.513489326
208,-0.25735926,0.356686162,0.106048024,-0.645077962,1.647115085,0.304410755,-1.417914273
207,-0.254570878,0.354991106,0.25672723,-0.638702376,1.557156603,0.292762264,-1.3779966
206,-0.25552064,0.345969696,0.078435666,-0.607702609,1.464203646,0.280588256,-1.347989292
205,-0.197167875,0.332159957,0.371869842,-0.624777107,1.358905035,0.290477602,-1.238089846
204,-0.21325641,0.302333367,0.376830299,-0.597913702,1.246218743,0.325025707,-1.305229371
203,-0.269700594,0.246763434,0.265608354,-0.591149807,1.130570021,0.3620201,-1.130169601
202,-0.250302009,0.165861121,0.551696914,-0.521701805,0.990363573,0.344967048,-0.989567954
201,-0.054968762,0.035437712,0.372971957,-0.459907582,0.792269745,0.360915771,-1.015587118
200,-0.134839636,-0.195184527,0.073089578,-0.381066982,0.473388818,0.309895473,-0.855313901
